gwenderqueer,2
dragun6235,1
bizzybunnie.,1
elmadragon,1
shinyxyz,1
sanat393,1
rockedyou,1
orangesya,1
spratthedeadbard,2
kagumatetsu,1
wodnisty.,1
dudedood,1
ugandaforever,1
_demesis,1
yaz324,1
wuuuben,1
simonkeyisland,1
not_simon,1
esepetres1,1
napoleon_2,1
ythehunter,1
natanscosta_81027,1
piyushi_,1
itsame4705,1
badplayerhs,1
theburgerclub,2
dhsu,2
mimiyume,1
dovahwolf,2
randommen,1
_.miracle,1
drstein80,1
aruberu,1
.frosti_,1
ingenuity,1
whiscashfan,1
erenams,1
kmikazee,1
markooooooooooo,1
hangingsky7,1
paoiuef0973,1
a470yz,1
jespine,2
merrygroup,1
_don_matteo,1
Fotina,1
derpager,2
sweet_potato,1
...............,1
aquasquash,2
otsuna,2
tatze66,1
crazyon3,1
xkumei,1
leorde,1
magicmissilefrog,1
killercookie_,1
uofiguru,1
zelnoob,1
caramelashe,2
teroo.,1
sweetsadness,1
vayazu,1
azerothic,1
jamesr_,2
sadmibuu,1
nelsonjv,1
zaddybased,1
hank724,1
skyrosx2,1
aceofkings,1
Lizardbrainz,1
cellydeergal,1
